[
  {
    "id": "eef4f648-122b-4676-b63f-124cf65c6060",
    "data": [
      {
        "text": "I want a rhyme for ",
        "userDefined": false
      },
      {
        "text": "cheese",
        "alias": "wordtorhyme",
        "meta": "@sys.any",
        "userDefined": true
      }
    ],
    "isTemplate": false,
    "count": 0,
    "updated": 1519395059
  },
  {
    "id": "148d0ea0-a2e1-4739-a56c-17ab0d52b502",
    "data": [
      {
        "text": "give me a rhyme for ",
        "userDefined": false
      },
      {
        "text": "cheese",
        "alias": "wordtorhyme",
        "meta": "@sys.any",
        "userDefined": true
      }
    ],
    "isTemplate": false,
    "count": 0,
    "updated": 1519318380
  },
  {
    "id": "1c02b731-4537-429e-98b6-d56db6c6cd7f",
    "data": [
      {
        "text": "rhyme for ",
        "userDefined": false
      },
      {
        "text": "cheese",
        "alias": "wordtorhyme",
        "meta": "@sys.any",
        "userDefined": true
      }
    ],
    "isTemplate": false,
    "count": 0,
    "updated": 1519315483
  },
  {
    "id": "7a540330-e505-4635-9aae-3c86db962ff5",
    "data": [
      {
        "text": "rhymes with ",
        "userDefined": false
      },
      {
        "text": "cheese",
        "alias": "wordtorhyme",
        "meta": "@sys.any",
        "userDefined": true
      }
    ],
    "isTemplate": false,
    "count": 0,
    "updated": 1519315483
  },
  {
    "id": "9311572e-9636-412f-bcfe-1df076025dd7",
    "data": [
      {
        "text": "tell me what rhymes with ",
        "userDefined": false
      },
      {
        "text": "cheese",
        "alias": "wordtorhyme",
        "meta": "@sys.any",
        "userDefined": true
      }
    ],
    "isTemplate": false,
    "count": 0,
    "updated": 1519315483
  },
  {
    "id": "af1ecbdb-4398-446b-88da-bbdd40411cc2",
    "data": [
      {
        "text": "words that rhyme with ",
        "userDefined": false
      },
      {
        "text": "cheese",
        "alias": "wordtorhyme",
        "meta": "@sys.any",
        "userDefined": true
      }
    ],
    "isTemplate": false,
    "count": 0,
    "updated": 1519315483
  },
  {
    "id": "4731164e-aaa9-4e05-a105-3004404cb722",
    "data": [
      {
        "text": "give me a word that rhymes with ",
        "userDefined": false
      },
      {
        "text": "cheese",
        "alias": "wordtorhyme",
        "meta": "@sys.any",
        "userDefined": true
      }
    ],
    "isTemplate": false,
    "count": 0,
    "updated": 1519315483
  },
  {
    "id": "267cd443-a11d-40c4-aa7c-4b6f88c3e93c",
    "data": [
      {
        "text": "what rhymes with ",
        "userDefined": false
      },
      {
        "text": "cheese",
        "alias": "wordtorhyme",
        "meta": "@sys.any",
        "userDefined": true
      }
    ],
    "isTemplate": false,
    "count": 0,
    "updated": 1518089086
  },
  {
    "id": "9ce0c106-5840-4282-90d2-e084e48845d1",
    "data": [
      {
        "text": "word that rhymes with ",
        "userDefined": false
      },
      {
        "text": "cheese",
        "alias": "wordtorhyme",
        "meta": "@sys.any",
        "userDefined": true
      }
    ],
    "isTemplate": false,
    "count": 0,
    "updated": 1518089086
  }
]