[
  {
    "id": "4cd6d91a-f438-4e7c-9c37-91eaeedc22f4",
    "data": [
      {
        "text": "end",
        "userDefined": false
      }
    ],
    "isTemplate": false,
    "count": 0,
    "updated": 1519320369
  },
  {
    "id": "8b23abe7-dec0-4b3f-8966-dc538f31a1f4",
    "data": [
      {
        "text": "quit",
        "userDefined": false
      }
    ],
    "isTemplate": false,
    "count": 0,
    "updated": 1519320369
  },
  {
    "id": "2d114b9b-a832-4deb-b202-47a7b9721c0a",
    "data": [
      {
        "text": "stop",
        "userDefined": false
      }
    ],
    "isTemplate": false,
    "count": 0,
    "updated": 1519320369
  },
  {
    "id": "7fce5ba2-76ca-4429-abb1-0b5acc014fd8",
    "data": [
      {
        "text": "exit",
        "userDefined": false
      }
    ],
    "isTemplate": false,
    "count": 0,
    "updated": 1519320369
  }
]